experiment,complete_info,agg_info,initial_gc,c0,gc_after_exact_refund,gc_after_agg_refund
Pigou_bpr_singleOD,13.044985944777112,13.37865269293707,0.25,16.032015959283186,0.24971950855944777,0.24995854794713052
Pigou_expanded_singleOD,68.51398054489073,68.67017191817736,0.16666666666666666,70.19917593312455,0.16664792086764224,0.16666363741471013
Series_parallel_singleOD,235.35206202426127,239.388057988257,0.16666666666666666,244.79045773407864,0.16656138262294445,0.16666373865207854
Grid_singleOD,70.3824359214577,71.2687147530557,0.16666666666666666,72.16485507257022,0.16662696420700296,0.16666559638781928
