experiment,complete_info,agg_info,initial_gc,c0,ue_notoll_gc,gc_after_exact_refund,gc_after_agg_refund
Pigou_bpr_multipleOD,196.1433068332075,196.2368688205571,0.3431372549019608,207.25850299407517,0.3431372549019615,0.3430088049415133,0.34303528620190366
Pigou_expanded_multipleOD,112.23106550233193,112.28497155917103,0.3431372549019608,117.37706044622294,0.34313725490196073,0.3430778354862448,0.34309118780642933
Series_parallel_multipleOD,574.2707790704552,575.303849803568,0.2807017543859649,605.8048570671477,0.2802211431150988,0.2800357674860419,0.28008008095468356
Grid_multipleOD,173.15174421802266,174.31801207175045,0.2222222222222222,177.29425466023494,0.222491519254567,0.22244667123471884,0.22247876835983202
